brand_name,generic_name,yj_codes
オリブ油,オリブ油,7121704X1105; 7121704X1237; 7121704X1253; 7121704X1300; 7121704X1342
ゴマ油,ゴマ油,7121706X1023; 7121706X1066
ハチミツ,ハチミツ,7149003X1236; 7149003X1333
バレイショデンプン,バレイショデンプン,7112004X1079; 7112004X1133; 7112004X1141; 7112004X1206
プロピレングリコール,プロピレングリコール,7139700X1039; 7139700X1047
マクロゴール軟膏,マクロゴール軟膏,7123700M1040; 7123700M1059
乳糖水和物,乳糖水和物,7111001X1094; 7111001X1167; 7111001X1248
単シロップ,単シロップ,7142001X1112; 7142001X1120; 7142001X1139; 7142001X1171; 7142001X1180
日本薬局方 二酸化炭素,二酸化炭素,799070DX1025; 799070DX1050
日本薬局方 酸素,酸素,799070EX1020; 799070EX1054
日本薬局方窒素,窒素,799070FX1024; 799070FX1032
注射用水,注射用水,7131400A1041; 7131400A2110; 7131400A2153; 7131400A4040; 7131400A9026
液化亜酸化窒素,亜酸化窒素,1116700X1053; 1116700X1061
液化窒素,液体窒素,799070CX1020; 799070CX1039
液化酸素,液体酸素,799070BX1034; 799070BX1042
滅菌精製水,滅菌精製水,7131700X1057; 7131700X1065; 7131700X1081; 7131700X1111
生理食塩液「ヒカリ」,生理食塩液,3311401A2212; 3311401A3065
生理食塩液バッグ「フソー」,生理食塩液,3311401H1117; 3311401H5031
生食液NS,塩化ナトリウム,3311401A1097; 3311401A2115
白糖,白糖,7149002X1037; 7149002X1053
白色ワセリン,日本薬局方　白色ワセリン,7121703X1127; 7121703X1178
白色ワセリン,白色ワセリン,7121703X1100; 7121703X1186; 7121703X1194; 7121703X1216; 7121703X1291
精製ラノリン,精製ラノリン,7122702X1065; 7122702X1090
精製水,精製水,7131001X1127; 7131001X1186; 7131001X1208; 7131001X1240; 7131001X1259; 7131001X1321; 7131001X1356
黄色ワセリン,黄色ワセリン,7121701X1080; 7121701X1098
